key_mlbam,slug
680911,owenmiller
669242,tommyedman
703231,jamesmeeker
660636,diegocastillo
642239,robzastryzny
676914,davisschneider
702332,calebdurbin
701552,andregranillo
621242,edwindiaz
670032,nickylopez
664040,brandonlowe
596001,jakobjunis
593576,hectorneris
445926,jessechavez
696100,huntergoodman
608337,lucasgiolito
658668,edwardolivares
683227,codyfreeman
695670,harryford
665871,javierassad
694192,jacksonchourio
672569,gustavocampero
680694,kylebradish
665828,oswaldocabrera
670183,garrettacton
677951,bobbywitt
623520,davidbote
605513,spencerturnbull
608385,jessewinker
694680,trevormartin
667725,kyletyler
621550,patrickwisdom
668952,ryankreidler
676979,garrettcrochet
687931,carsonwhisenhunt
669093,jeremiahestrada
663362,mattwaldron
692225,kristiancampbell
593958,eduardorodriguez
621051,stevenwilson
592351,jongray
695034,kademorris
668939,adleyrutschman
605280,clayholmes
700932,kylemanzardo
592450,aaronjudge
456501,johnnycueto
607732,jacobstallings
656271,brockburke
641386,benbowden
663457,larsnootbaar
680723,drewrom
518934,djlemahieu
695445,chaselee
656577,alexjackson
666619,gregorysantos
671655,georgevalera
694671,wyattlangford
593871,jorgepolanco
680735,austincox
691548,rolddymunoz
672386,alejandrokirk
608701,robrefsnyder
701305,zachdezenzo
675650,michaelmercado
682995,hunterbarco
808963,rokisasaki
670224,kameronmisner
656413,stuartfairchild
669467,andrepallante
543228,yangomes
680604,blascastano
689266,dylandodd
676059,jordanwestburg
696519,samynatera
596295,austingomber
664954,brettsullivan
701162,benmalgeri
642136,mattthaiss
684665,lukemurphy
669302,logangilbert
657656,ramonlaureano
669194,rynenelson
692285,luisguerrero
607054,jacepeterson
663765,jakewoodford
680802,ryanweiss
666277,georgesoriano
668674,lucaserceg
687066,ericyang
641432,williecalhoun
683627,anthonymolina
620454,josecastillo
805249,ottokemp
680739,joshwinder
666208,alexspeas
607259,nickmartinez
543351,jayjackson
477132,claytonkershaw
612434,miguelcastro
668715,spencersteer
670036,mattfesta
621035,christaylor
662144,briankeller
679922,carlosduran
571510,mattboyd
695734,daylenlile
807743,seansullivan
685301,mattgorski
694025,felixreyes
671109,jakeeder
625643,reynaldolopez
686676,koreylee
694360,beckway
681715,heribertohernandez
656529,samhentges
666198,carterkieboom
606149,giovannygallegos
624647,victorgonzalez
702284,coleyoung
657088,forrestwall
673513,yukimatsui
671056,ivanherrera
621139,brookskriske
680716,jonathanornelas
650911,cristophersanchez
605353,vimaelmachin
669310,cjvaneyk
663878,natepearson
656730,trevormegill
519203,anthonyrizzo
688760,blainecrim
657265,peterstrzelecki
665120,jaredwalsh
666310,bonaylor
453568,charlieblackmon
686681,michaelmassey
649557,aledmysdiaz
676572,ericwagaman
571745,mitchhaniger
666185,dylancarlson
702616,jacksonholliday
666703,eguyrosario
666969,adolisgarcia
665833,oneilcruz
679631,terrinvavra
681911,alexvesia
683822,naoyukiuwasawa
650333,luisarraez
680951,dougnikhazy
516782,starlingmarte
676961,calebboushley
686642,fraserellard
605507,zachthompson
687589,domhamel
682769,eibersoncastellano
656288,griffincanning
663538,nicohoerner
663795,justinhagenman
693313,carsonseymour
672021,ericcerantola
681035,christianscott
808982,junghoolee
663993,nathaniellowe
689981,riverryan
620443,luistorrens
661269,vladimirgutierrez
681751,lazaroestrada
694388,joeyloperfido
805672,collinprice
624585,jorgesoler
605288,adrianhouser
683175,connorphillips
694876,cooperingle
687401,joeyortiz
691172,yosverzulueta
621363,colinpoche
680737,michaelhelman
542303,marcellozuna
668941,jojoromero
668901,markvientos
621074,michaelrucker
643376,dannyjansen
493603,adamottavino
672012,tylerblack
667297,tommynance
622250,joshsborz
606996,kylehart
519326,hunterstrickland
609280,miguelandujar
701350,romananthony
668853,austinshenton
677944,sladececconi
808959,munetakamurakami
607625,sethlugo
829272,shinnosukeogasawara
676896,chrisroller
691783,jordanlawlar
608841,joeymeneses
676105,jeffcriswell
641726,daultonjefferies
605170,victorcaratini
686527,dominiccanzone
681867,coopercriswell
547179,michaellorenzen
823550,sungmunsong
664770,nathanlukes
575929,willsoncontreras
695243,masonmiller
471911,carloscarrasco
680767,victorvodnik
693409,cesarprieto
695020,tannermurray
665152,deankremer
676632,blighmadris
677942,blazealexander
621237,josealvarado
672701,josedevers
681217,chasesilseth
623381,thomaspannone
621345,ajminter
670241,dariusvines
641154,pablolopez
657097,jacobwebb
592178,krisbryant
621097,jacobwaguespack
547184,michaelkelly
641793,zacklittell
672016,denzelclarke
543309,kylehigashioka
666135,alexkirilloff
663465,kolbyallard
820862,josefermin
670950,trevorrichards
605119,briananderson
669373,tarikskubal
543101,anthonydesclafani
592094,jasonadam
686217,salfrelick
680718,addisonbarger
686753,dreyjameson
680701,johnrooney
641511,jasondelay
642585,felixbautista
670871,guillozuniga
675911,spencerstrider
605177,andrewchafin
680700,richiepalacios
691728,zacveen
547001,codypoteet
694377,nickyorke
687985,joshwhite
691008,maxrajcic
666160,mickeymoniak
645277,ozziealbies
666152,davidhamilton
623205,andrewvelazquez
670869,livansoto
691016,tylersoderstrom
650556,bryanabreu
630105,jakecronenworth
579328,yuseikikuchi
572971,dallaskeuchel
641360,philbickford
624522,keeganthompson
434378,justinverlander
660896,jorgealcala
656638,alexlange
685112,zachmccambley
703607,henrybolte
678368,valentebellozo
686610,kenwaldichuk
681190,randyvasquez
664350,sixtosanchez
693304,nickgonzales
676467,coltongordon
623465,evanphillips
623993,anthonysantander
805999,ajewing
702674,cadendana
676113,zachdeloach
677595,ronnymauricio
702281,robbysnelling
621294,benheller
642350,josesiri
679775,kylebackhus
676566,shawnross
621399,bradyfeigl
676775,keatonwinn
701678,haoyulee
670764,taylorwalls
664285,frambervaldez
682818,yohendrickpinango
682254,masonmontgomery
671976,tristanpeters
554431,tylermatzek
805673,zebbymatthews
656775,cedricmullins
690993,coltkeith
676395,robertgarcia
605182,mikeclevinger
695508,camcauley
671131,jacksonrutledge
687221,daltonrushing
663738,daniellynch
543518,scottmcgough
672552,jackoloughlin
695534,chasepetty
694376,shaywhitcomb
519043,mattmoore
607680,kevinpillar
660271,shoheiohtani
669127,shealangeliers
676130,josebutto
807727,charlesmcadoo
693713,emilianoteodo
687924,julianaguiar
592254,josedeleon
489119,wademiley
664849,dannyyoung
691620,jefersonquero
672578,carloshernandez
621112,paulblackburn
672279,michaelsiani
801216,christianmontesdeoca
808975,hyeseongkim
689690,alekjacob
606115,orlandoarcia
694249,colecarrigg
683002,gunnarhenderson
801434,paulgervase
641555,jcescarra
657757,gavinsheets
678577,juniorperez
693855,ianseymour
679822,justinfoscue
573204,calebthielbar
641778,ericlauer
518595,travisdarnaud
669298,tjshook
656941,kyleschwarber
641941,emiliopagan
669330,tylerwells
693433,bryanwoo
682990,quinnpriester
666215,forrestwhitley
593334,domingogerman
690990,cadehorton
686730,carsonspiers
676272,bobbymiller
677941,jordynadams
685005,christianroa
702176,alanroden
696522,haydenjuenger
502624,chaseanderson
675915,davidbanuelos
518692,freddiefreeman
543766,bryanshaw
670161,parkerdunshee
691026,masynwinn
650907,renepinto
678692,ronnyhenriquez
656793,nicknelson
678316,omarcruz
692024,alexcarrillo
624513,domnunez
684007,shotaimanaga
672442,yovannycruz
665804,miguelamaya
687859,troyjohnston
643217,andrewbenintendi
669234,justynhenrymalloy
696131,masonblack
683011,anthonyvolpe
607455,anthonybanda
689041,rhylanthomas
694973,paulskenes
663704,jamesmcarthur
671111,sammyperalta
664062,tonygonsolin
622694,elieserhernandez
663623,jakeirvin
668723,ryanvilade
666168,masonthompson
668752,dukeellis
689441,colemancrow
552640,andrewkittredge
669256,nicksolak
664208,philmaton
542888,shawnarmstrong
641149,wesparsons
671345,jasonfoley
700337,edgarquero
608718,brentsuter
670167,johnschreiber
681806,andrewwantz
677958,kumarrocker
592325,bengamel
687911,bryanking
669391,owenwhite
656234,jakebird
643511,tylerrogers
592779,brockstewart
663989,nickvespi
686765,nicksogard
500743,miguelrojas
663474,tristonmckenzie
681916,dylansmith
641355,codybellinger
672613,eliezeralfonzo
519293,willsmith
702303,rileymartin
672515,gabrielmoreno
671305,michelotanez
621043,carloscorrea
613564,jasonvosler
665660,elvisalvarado
676254,ryanwalker
669674,samlong
642708,amedrosario
701538,jacksonmerrill
643361,kevinherget
656686,corbinmartin
595014,blaketreinen
681982,grantanderson
594027,tyronguerrero
675919,nickraquet
675512,troymelton
675448,blakehunt
622608,antoniosenzatela
685744,kenedycorona
670219,zackristofak
676596,joshfleming
668834,eastonmcgee
687166,austinpope
554340,yimigarcia
605463,taylerscott
683155,joeyestes
655889,manuelrodriguez
805904,zachcole
665966,carlosnarvaez
668800,andrewknizner
679525,alecmarsh
681584,davidvillar
650391,eloyjimenez
673540,kodaisenga
622780,angelperdomo
669004,mjmelendez
657006,justinsteele
665487,fernandotatis
669203,corbinburnes
622503,nabilcrismatt
606303,joelpayamps
663568,stephenkolek
571948,hobymilner
668670,jakerogers
642100,gabespeier
592288,kentemanuel
687551,drewgilbert
608348,carsonkelly
690953,mickabel
663647,kebryanhayes
606930,jacobbarnes
687531,williamkempner
689225,beaubrieske
521230,liamhendriks
686475,tylertolbert
518585,fernandocruz
622110,mattduffy
657612,timhill
680704,nicksandlin
680755,braydonfisher
663542,bryanhudson
663624,ryanmountcastle
544150,albertsuarez
682868,bryanramos
500779,josequintana
676510,nolanhoffman
661388,williamcontreras
595453,chadwallach
682515,loganporter
663527,tylernevin
642546,jonathanhernandez
669912,kirbysnead
694363,jaredshuster
703492,nickmorabito
642201,eliwhite
687606,paxtonschultz
641482,nestorcortes
656876,drewrasmussen
666818,luisfrias
669222,nicksenzel
688138,loganevans
666214,joeywentz
664139,iangibaut
608032,carlosestevez
687570,connorprielipp
663743,nickfortes
670912,johanoviedo
656222,jalenbeeks
518735,yasmanigrandal
681871,elivillalobos
687922,eastonlucas
669270,joelkuhnel
543063,brandoncrawford
663368,blakeperkins
592669,hunterrenfroe
687792,djherz
681869,shawndubin
681546,jamesoutman
689818,davidsandlin
571448,nolanarenado
656814,luisortiz
676710,kuttercrawford
701474,duncandavitt
593974,wandyperalta
686973,louisvarland
656546,jeffhoffman
669358,shanebaz
624133,rangersuarez
681520,antoinekelly
689546,nickdavila
664058,davidfletcher
642216,allanwinans
701519,travisadams
675961,alikawilliams
641401,connorbrogdon
545121,ildemarovargas
803011,samantonacci
688642,zachagnos
608596,tommurphy
688883,peytonpallette
663611,nickmadrigal
605218,carledwards
685314,andrewsaalfrank
663898,brendanrodgers
695380,alexhoppe
669016,brandonmarsh
664123,scotteffross
660710,rodolfoduran
681297,coltoncowser
680869,zackgelof
605347,jorgelopez
669145,brucezimmermann
682144,jayviensandridge
681393,connornorby
656557,tannerhouck
679881,jpmartinez
682634,kevinalcantara
687798,nickrobertson
686294,amoswillingham
592741,chasenshreve
696270,ryanjohnson
678489,jorgebarrosa
592518,mannymachado
691951,samaldegheri
669200,masonmccoy
573262,mikeyastrzemski
702153,brianfitzpatrick
670046,kennyrosenberg
691781,bradyhouse
669384,rayneldelgado
699393,pedroramirez
650402,gleybertorres
592662,robbieray
695681,christianmoore
594835,marcogonzales
660761,josesuarez
669369,brycejohnson
678894,lioverpeguero
657053,toukitoussaint
640470,adbertalzolay
668831,garrettstallings
669387,carmenmlodzinski
676609,josecaballero
676439,hunterfeduccia
678554,curtismead
691277,deyvisondelossantos
670242,mattwallner
683766,christiankoss
670955,edwinuceta
663423,trentthornton
676614,bryansammons
660787,yerrydelossantos
592200,curtcasali
681151,jaydenmurray
680574,mattmclain
669923,georgekirby
701852,drewcavanaugh
607200,erickfedde
613534,austinadams
675659,gregjones
668968,hanscrouse
804668,rafaelflores
541645,avisailgarcia
657376,clarkeschmidt
519141,drewpomeranz
802415,chandlersimpson
621439,byronbuxton
641835,timmayza
669364,xavieredwards
620982,ricardopinto
671277,luisgarcia
687330,kevinkelly
667478,evankravetz
678662,ezequieltovar
656353,tuckerdavidson
665896,josemarte
543238,anthonygose
523260,joekelly
805367,chasemeidroth
621121,lancemccullers
701762,nickkurtz
664068,scottkingery
674072,tommyhenry
667428,grantkoch
656924,ryderryan
656232,brandonbielak
527054,julioteheran
806188,cadegibson
680779,henrydavis
683004,jackleiter
640902,jhonnypereda
675540,xzavioncurry
641427,alanbusenitz
802686,haydenharris
663969,tylerphillips
671289,tylerfreeman
664353,joseurquidy
694297,brandonpfaadt
621057,justingarza
683079,omarmartinez
542882,mattandriese
689149,chaddallas
605540,brandonwoodruff
685326,mccadebrown
680729,garrettmcdaniels
592273,brandondrury
676480,josebarrero
676917,cadecavalli
656412,alexfaedo
701121,loganvanwey
663897,lukewilliams
666134,nolanjones
676684,willvest
663559,baileyfalter
621545,zachremillard
690925,claytonbeeter
681807,davidfry
641771,chadkuhl
681962,vinnycapra
663455,konnorpilkington
672275,patrickbailey
671737,tajbradley
677587,brayanrocchio
669304,josemiranda
592206,nickcastellanos
682227,brandonwilliamson
660730,elvinrodriguez
805811,bryceeldridge
650859,luisrengifo
669701,joshsmith
666150,dominicfletcher
682243,brycemiller
690155,mattpushard
800325,luislara
813349,connellyearly
681810,austinwarren
607074,carlosrodon
622569,pabloreyes
687282,gabrielrincones
670280,davidbednar
676617,rileyobrien
671083,buddykennedy
676356,jonnydeluca
671096,andrewabbott
622379,luiscastillo
664901,dannymendick
664034,tyfrance
663574,tonysantillan
642086,dominicsmith
640448,kylefinnegan
670810,logangillaspie
668676,zachplesac
675660,shanedrohan
680702,joeygerber
686934,alexmcfarlane
670042,lukeraley
628452,raiseliglesias
671106,loganallen
686948,drakebaldwin
669236,jeremiahjackson
545341,randalgrichuk
669911,michaeltoglia
572761,mattcarpenter
680730,mitchellparker
542881,tyleranderson
642028,joshrogers
703615,josecabrera
682842,abneruribe
666207,rileypint
666023,freddyfermin
687312,gabrielhughes
608638,jtchargois
655316,andruwmonasterio
681508,mickeygasper
800050,chasedelauter
605154,johnbrebbia
699911,dugandarnell
687849,zakkent
676702,hunterstratton
682052,jacoblopez
669422,mattsauer
680736,justinwrobleski
641645,luisguillorme
676391,ernieclement
669371,colehenry
668974,maverickhandley
664854,ryanhelsley
695076,rhettlowder
656180,rileyadams
683742,josefranco
660853,enyeldelossantos
677053,andrewnardi
666711,joelpeguero
687093,vaughngrissom
696136,jordanwicks
663687,hoganharris
691019,kyleteel
700669,gordongraceffo
694203,denzerguzman
805347,jimjarvis
630023,yonnychirinos
669357,nolangorman
670766,darrenmccaughan
571578,patrickcorbin
641329,bryanbaker
807799,masatakayoshida
682989,victormederos
571771,enriquehernandez
814005,jakebloss
528748,humbertocastellanos
673548,seiyasuzuki
608723,austinvoth
805300,jakobmarsee
670124,adamoller
695490,edwinarroyo
643265,garrettcooper
573124,taylorrogers
815873,seankeys
506433,yudarvish
660757,oscargonzalez
641743,anthonykay
680769,cjalexander
650644,aaroncivale
666464,jerarencarnacion
674841,andrewalvarez
663978,chrispaddack
666745,jhonybrito
802139,jjwetherholt
702275,jrritchie
686668,brentondoyle
596112,robertstephenson
519008,tjmcfarland
694359,nikokavadas
682790,wikelmangonzalez
676263,jackdreyer
571760,andrewheaney
543475,jordanlyles
686796,blakewalston
693645,camschlittler
682825,luismey
664294,daurimoreta
687888,brandonwalter
605400,aaronnola
678024,mikevasil
682119,levijordan
814439,ryanwaldschmidt
683679,jesusrodriguez
806198,cooperpratt
694514,sterlinthompson
669326,bryceteodosio
605346,jacklopez
623474,jimmyherget
686580,justinslaten
650490,yandydiaz
453286,maxscherzer
686249,nathanwiles
664238,dylanmoore
691946,georgeklassen
682928,cjabrams
683618,edgardohenriquez
690987,roberthassell
571970,maxmuncy
668909,gavinwilliams
693821,bryceelder
663992,richardlovelady
685068,carsonragsdale
808970,woosukgo
667670,brentrooker
668868,zackthompson
691587,euryperez
689296,anthonynunez
676571,pjpoulin
679885,justinmartinez
672359,tirsoornelas
467793,carlossantana
683068,zachpenrod
608678,dominicleone
642851,austinwynns
800048,parkermessick
641857,ryanmcmahon
695600,carterjensen
669208,ryanbliss
686452,drewmillas
570632,joseurena
660604,alanrangel
677950,alekthomas
621563,joeywendle
608648,tylerduffey
571946,shelbymiller
685299,tannergordon
702566,owenmurphy
686701,ryanbergert
592426,lukejackson
687134,bradleyblalock
643393,tonykemp
657585,reedgarrett
671212,joeboyle
686751,sethjohnson
664702,mylesstraw
689172,brettwisely
689017,landonknack
657756,connorseabold
691011,drewromo
592696,eddierosario
570482,giourshela
694819,jacobmisiorowski
670541,yordanalvarez
669372,jtginn
687145,evanjustice
502671,paulgoldschmidt
668804,bryanreynolds
694384,nolanschanuel
668984,caseylegumina
668845,aaronschunk
814305,yuniortur
663886,tylerstephenson
664351,luiscontreras
804606,konnorgriffin
692030,josecorniell
694371,tommytroy
596133,lukeweaver
666158,gavinlux
673237,yainerdiaz
678394,brayanbello
663558,jovanimoran
665161,jeremypena
694497,evancarter
670223,mattmervis
663432,tannerrainey
681402,gusvarland
678821,luisperalta
642180,tylerwade
691799,granttaylor
621458,edwinrios
502054,tommypham
518792,jasonheyward
676534,calvinfaucher
642759,julianfernandez
502179,paoloespino
667472,danemyers
676282,joeycantillo
656976,pavinsmith
621311,daviddahl
607192,tylerglasnow
596271,caseylawrence
671155,ivanjohnson
678061,raykerr
676760,ronmarinaccio
656986,bennettsousa
699151,jedixsonpaez
675848,juanmejia
676694,jakemeyers
811965,joshuakurodagrauer
682988,tylerlocklear
660766,juanyepez
805373,nachoalvarez
672761,wenceelperez
669722,logandavidson
672580,maikelgarcia
622554,seranthonydominguez
801139,paytontolle
642547,freddyperalta
806068,coltemerson
702021,willdion
670329,ricogarcia
678606,joseferrer
695418,bradlord
810938,benwilliamson
663773,bryanhoeing
669212,elimorgan
668472,nickpratto
623149,paulsewald
672860,prelanderberroa
682657,angelmartinez
682626,franciscoalvarez
686752,ryanpepiot
676879,aaronashby
663567,peterlambert
605483,blakesnell
608369,coreyseager
656883,jaksonreetz
542585,josecisnero
657044,ryanthompson
699008,antwonekelly
694753,khristiancurtis
804267,zacthornton
691907,tsungchecheng
702222,justincrawford
624512,reesemcguire
662139,daultonvarsho
676568,rickyvanasco
806960,luismorales
669060,brysewilson
689147,orionkerkering
685107,anthonyveneziano
664141,jtbrubaker
670102,bowdenfrancis
669720,austinhays
681343,shanesmith
641933,tyleroneill
592885,christianyelich
699013,esmerlynvaldez
687799,cademarlowe
686747,joelasorsa
645444,joseherrera
681432,lukelittle
672282,reiddetmers
681168,luiscurvelo
664126,petefairbanks
802419,tomharrington
678218,brandonvalenzuela
650489,willicastro
690829,benjoyce
666163,benrortvedt
682120,timherrin
669199,lakebachar
643256,adamcimber
621366,ryanborucki
621107,zacheflin
684442,kohldrake
543257,robbiegrossman
676969,brettdegeus
663485,colesands
607179,jordanweems
656811,ryanohearn
607644,johnmeans
641487,jpcrawford
607208,treaturner
683090,matthewlugo
669020,ryanrolison
663372,ryanfeltner
703725,luisgastelum
678545,osleivisbasabe
680474,maxschuemann
664299,cristianjavier
608665,kendallgraveman
666661,juanmorillo
572233,christianwalker
700712,walberturena
669308,seanreynolds
657077,alexverdugo
573009,joemantiply
679156,walterpennington
642215,westonwilson
669724,brenanhanifee
681006,joshsimpson
608717,chrisstratton
677592,eversonpereira
677952,braxtonashcraft
669717,willwilson
664731,pjhiggins
543685,anthonyrendon
681909,justindean
668390,colewinn
572191,michaeltaylor
656257,jeffbrigham
607481,aaronbummer
667755,josesoriano
622761,jorgemateo
691176,jassondominguez
687239,benpeoples
596117,garrettstubbs
665926,andresgimenez
607536,kylefreeland
667463,johnking
675921,spencerhoward
676051,codiheuer
594902,benlively
668930,briceturang
666201,alekmanoah
657136,connorwong
642207,devinwilliams
681066,kybush
643493,austinpruitt
677800,wilyerabreu
700187,troytaylor
694813,gavinstone
699823,tylerdavis
543877,christianvazquez
700413,tyleruberstine
683953,travisbazzana
669699,bradenshewmake
656420,jpfeyereisen
665953,andreschaparro
672391,kalebort
669707,jaredtriolo
541640,erasmoramirez
663158,robertsuarez
663462,isaiahcampbell
668943,ryanmiller
837227,tatsuyaimai
668904,roycelewis
682985,rileygreene
685116,austinkitchen
687231,darellhernaiz
677955,jadenhill
691594,javiersanoja
702352,spencerbivens
676701,alantrejo
518886,craigkimbrel
669360,treicruz
681799,ethanroberts
598264,mattbarnes
683748,victormesa
666374,mattbrash
672642,stewardberroa
688107,robertgasser
666126,carloscortes
691945,carterbaumler
593934,miguelsano
696285,jacobyoung
600917,joseleclerc
519317,giancarlostanton
664314,estevanflorial
663604,brandonlockridge
694397,marcoraya
656731,tylormegill
644433,chadwicktromp
674003,codybradford
624641,edmundososa
578428,joseiglesias
700241,michaelmcgreevy
802408,brycenmautz
666139,joshlowe
687014,nickavila
669193,jacklittle
642016,danielrobert
680837,ryanfitzgerald
656212,charliebarnes
571539,mattcarasiti
700250,benrice
642232,ryanyarbrough
672356,gabrielarias
519151,ryanpressly
681624,andypages
656641,jacoblatz
641313,timanderson
701358,camsmith
689254,masonfluharty
691094,randywynne
682175,joejacques
624424,michaelconforto
671732,lawrencebutler
695731,bradenmontgomery
687749,jasebowen
650559,bryandelacruz
693312,kylenicolas
624415,cavanbiggio
696030,alejandroosuna
650968,yohelpozo
665795,edwardcabrera
666624,christophermorel
677651,luisgarcia
592767,drewsmyly
622786,jesustinoco
667452,coreyjulks
660758,sandrofabian
665645,kervincastro
686555,isaaccollins
694795,joshekness
670103,raymondburgos
650960,danielduarte
680573,simeonwoodsrichardson
672724,oswaldperaza
621466,djstewart
660707,elehurismontero
663321,nickhernandez
693307,dillondingler
668832,kylemccann
687394,jackbrannigan
543510,jamesmccann
681857,reeseolson
489446,kirbyyates
647315,zachpop
678246,miguelvargas
666397,edouardjulien
661395,jhoanduran
680776,jarrenduran
687396,brentheadrick
681252,jackanderson
448179,richhill
680577,dashawnkeirsey
641755,tylerkinley
646240,rafaeldevers
676680,tomcosgrove
692585,yanquielfernandez
659275,dinelsonlamet
676679,luisvazquez
670231,johnrave
703601,maxclark
693686,spencermiles
805427,drewsommers
678391,jorbitvivas
622088,tejayantone
596129,danvogelbach
664192,joeylucchesi
674944,seanguenther
506702,sandyleon
502171,alexcobb
608372,tomoyukisugano
687562,jakebennett
806185,haydenbirdsong
547989,joseabreu
502110,jdmartinez
669289,santiagoespinal
691785,marcelomayer
668716,noahmurdock
687529,grantmccray
670092,trentonbrooks
622491,luiscastillo
640492,joseazocar
687462,spencerhorwitz
647336,michaelsoroka
664875,justinlawrence
669459,kylenelson
680777,ryanjeffers
668338,tysonmiller
646242,jhonathandiaz
669261,jacksuwinski
683357,owencaissie
643410,markleiter
641680,jonahheim
669395,dylancoleman
650671,josequijada
592663,jtrealmuto
690976,alexfreeland
682610,rodderymunoz
691182,adaelamador
694851,andrewhoffmann
680916,francoaleman
694362,blakedunn
595345,stevenokert
534910,jessehahn
607067,colinrea
684974,craigyoho
688497,taylorrashi
666142,coleragans
686654,tyadcock
621199,matthewbowman
701675,nathanchurch
694374,timtawa
673965,calebfreeman
687721,cameronweston
656849,davidpeterson
571927,stevenmatz
666176,joadell
677594,juliorodriguez
691740,danielsusac
680757,stevenkwan
677976,randydobnak
691441,cristianmena
571882,dereklaw
691720,kylekarros
664913,sethbrown
607237,amirgarrett
656848,michaelpetersen
664056,harrisonbader
682729,jonatanclase
677943,willbanfield
621389,tyblach
664761,alecbohm
669622,anthonybender
543391,caseykelly
691023,jordanwalker
687263,zachneto
682877,juanbrito
687765,mitchspence
640454,mattkrook
642048,taylersaucedo
701807,carsonbenge
641343,jakebauers
683000,rileycornelio
656484,tristangray
687209,zachmaxwell
681146,jonahbride
642121,colesulser
666200,jesusluzardo
682445,domingogonzalez
682987,spencerjones
690984,peteyhalpin
658648,pedroavila
682073,davidhensley
691769,philipabner
676440,tannerbibee
641302,tyleralexander
663586,austinriley
699912,josefernandez
592836,taijuanwalker
701487,piersonohl
696062,wilberdotel
702358,treylipscomb
622075,yencyalmonte
695684,elmerrodriguez
621111,walkerbuehler
650895,diegocastillo
501303,ehireadrianza
649966,luisurias
669449,jakepalisch
657193,eddyalvarez
695578,jameswood
605130,scottbarlow
674384,eduarnielnunez
623451,jacksonstephens
657061,coletucker
702056,treyyesavage
656240,scottblewett
676466,jackwinkler
686826,brycejarvis
702273,noahschultz
656786,parkermushinski
690382,michaeldarrellhicks
621438,tyronetaylor
661563,luisgil
664874,sebyzavala
573186,marcusstroman
666120,iananderson
695549,jacksonjobe
678882,ceddannerafaela
666974,yenniercano
643446,jeffmcneil
691406,juniorcaminero
502043,kylegibson
660844,leorivas
622268,donovanwalton
672629,gerardocarrillo
605397,joemusgrove
571670,dylanfloro
682274,yaramilhiraldo
676369,nelsonvelazquez
694361,willklein
642701,dennissantana
672744,alexandercanario
669721,davisdaniel
660162,yoanmoncada
677865,justinbruihl
807712,lukekeaschall
691718,petecrowarmstrong
700270,yilberdiaz
678226,daysbelhernandez
669062,erikmiller
805299,brandyngarcia
801501,natefurman
682668,luisangelacuna
605447,jordanromano
657649,jaredkoenig
596142,garysanchez
690928,hunterdobbins
673380,dednielnunez
623211,huascarbrazoban
688363,grahampauley
543135,nathaneovaldi
666159,mattmanning
680880,grantholman
670770,tjfriedl
680885,spencerschwellenbach
689200,jacobmelton
641816,tylermahle
663728,calraleigh
594798,jacobdegrom
641598,mitchgarver
621512,tomasnido
675656,kevinsmith
664776,jakecousins
665489,vladimirguerrero
671117,darrenbaker
663671,nicenright
676477,garrettwhitlock
674444,stevencruz
665856,jaircamargo
694224,gabrielgonzalez
543294,kylehendricks
657508,mikebaumann
807747,rikuunishida
656671,joshmaciejewski
695336,thomassaggese
682617,marcoluciano
650893,genesiscabrera
593423,frankiemontas
572955,piercejohnson
670174,joshwinckowski
669022,mackenziegore
571945,milesmikolas
688297,chrisroycroft
669392,samadtaylor
518397,scottalexander
656887,seanreidfoley
643565,miketauchman
676475,alecburleson
641820,treymancini
677161,zackkelly
666205,kylemuller
686930,masonbarnett
669374,kestonhiura
669111,johnmcmillon
596019,franciscolindor
682982,danielespino
668820,maxkranick
665839,enmanuelvaldez
656945,tannerscott
641729,joejimenez
660600,enoliparedes
700363,ajsmithshawver
640459,briannavarreto
682927,ronnysimon
679845,nickloftin
670090,wyattmills
686482,logandriscoll
682171,pennmurfee
670990,yohanramirez
694341,brendanbeck
668933,grahamashcraft
641927,baileyober
642520,gersongarabito
571527,davidbuchanan
592791,jamesontaillon
663399,brandonwaddell
683352,mitchbratt
669920,jasonalexander
665506,cristianpache
669456,shanebieber
663550,treycabbage
677960,ryanweathers
677870,leojimenez
657514,brennanbernardino
493329,yuligurriel
700246,carsonwilliams
663436,davismartin
695391,brettharris
671284,timelko
689672,drewthorpe
686563,jonathancannon
662253,andresmunoz
642727,sergioalcantara
622534,manuelmargot
670276,calstevenson
665620,deivigarcia
660813,brusdargraterol
668873,calebkilian
687287,patrickmonteverde
621381,mattstrahm
694355,tylergentry
657024,erikswanson
642020,chuckierobinson
646241,enmanueldejesus
694208,moisesballesteros
594580,sammoll
690978,daxfulton
664744,joseespada
657746,joeryan
687863,porterhodge
687074,tylerowens
663584,haydensenger
641712,dakotahudson
657277,loganwebb
663947,tylerholton
595909,jakecave
595928,johncurtiss
668731,akilbaddoo
686823,willbrennan
472610,luisgarcia
687847,marcchurch
592866,trevorwilliams
605335,brandonleibrandt
668881,huntergreene
606160,rafaelmontero
672782,yoendrysgomez
663630,ryanmckenna
623912,haroldramirez
694738,landenroupp
681676,ryanfernandez
663616,trevorlarnach
668942,joshrojas
624428,adamfrazier
676508,bencasparius
663941,tristanbeck
595897,nickburdi
683769,huntergaddis
691458,blazejordan
643338,chadgreen
663757,trentgrisham
695657,colsonmontgomery
527048,martinperez
669477,caseyschmitt
672582,angelzerpa
664948,anthonymisiewicz
665861,sebastianrivero
669221,seanmurphy
642834,jonathanbermudez
667690,cjstubbs
622098,drewsmith
600986,thyagovieira
543760,marcussemien
805808,kevinmcgonigle
682619,orelvismartinez
687075,brandonsproat
668970,gavinhollowell
686797,brookslee
543305,aaronhicks
669713,haydenwesneski
699134,bradgleyrodriguez
815083,mitchfarris
605452,joeross
543592,austinnola
521692,salvadorperez
677961,colewilcox
543243,sonnygray
669620,bradybasso
702474,mikeparedes
681892,kodyfunderburk
676801,chasmccormick
677076,claytonandrews
622766,migueldiaz
543807,georgespringer
804619,johnklein
571912,lukemaile
686613,hunterbrown
553869,eliasdiaz
680891,jackneely
663536,tristinenglish
666181,willbenson
666157,nicklodolo
608566,germanmarquez
694346,treygibson
670097,zackshort
683770,willrobertson
656457,tylergilbert
694646,chaycemcdermott
702047,alexcook
650633,mikeking
455117,martinmaldonado
672695,geraldoperdomo
598286,nickramirez
669003,garrettmitchell
592332,kevingausman
657041,lanethomas
805326,tylerschweitzer
645302,victorrobles
600869,jeimercandelario
682663,agustinramirez
694037,danielpalencia
669438,masonenglert
676724,jaredyoung
678868,eddyyean
805779,jacobwilson
640462,ajpuk
682183,drewavans
680570,graysonrodriguez
683734,andrewvaughn
664728,kyleisbel
665155,nickmaton
701581,davidfesta
622072,alexwood
671286,johnathanrodriguez
676070,jacobamaya
681351,loganohoppe
665782,luisdelossantos
669711,gregweissert
657240,julianmerryweather
669450,cooperhummel
695257,billycook
687064,brandonyoung
671162,connorthomas
808967,yoshinobuyamamoto
687424,anthonymaldonado
571657,kylefarmer
813841,jonahcox
595881,tylerbeede
656794,seannewcomb
642629,emmanuelramirez
694350,zachbrzykcy
666971,lourdesgurriel
680897,nicknastrini
672640,ottolopez
656302,dylancease
669394,jakeburger
519242,chrissale
666931,jaredoliva
671221,drewwaters
621383,tannerbanks
668874,blairhenley
594807,adamduvall
656492,fostergriffin
641745,bradkeller
678225,jihwanbae
663853,romygonzalez
666197,graekessinger
665622,luismedina
670623,isaacparedes
542963,robbrantly
553993,eugeniosuarez
690291,jacejung
673357,luisrobert
605131,austinbarnes
553882,omarnarvaez
694378,jacobgonzalez
669432,trevorrogers
672335,cionelperez
665052,griffinconine
664076,garrettcleavinger
676664,jpsears
660644,vidalbrujan
663330,jahmaijones
656464,kevinginkel
666018,jonathanaranda
696147,sambachman
678495,randyrodriguez
679883,luinderavila
693049,oscarcolas
668709,jjbleday
681870,eriksabrowski
656550,grantholmes
601713,nickpivetta
692437,winstonsantos
681198,tjrumfield
621020,dansbyswanson
681082,brysonstott
593160,whitmerrifield
686539,declancronin
676106,emersonhancock
656657,zachlogue
680728,adriandelcastillo
665625,elvispeguero
671218,heliotramos
571656,buckfarmer
801403,chasedollander
675916,jameskarinchak
622251,joshstaumont
614179,joseruiz
547180,bryceharper
672960,kazumaokamoto
679358,ericorze
621016,josecuas
683568,jairoiriarte
663494,bryantorres
696135,kahlilwatson
642715,willyadames
592454,tommykahnle
605113,nickahmed
696070,kendryrojas
663804,jacksonkowar
596115,trevorstory
647304,joshnaylor
702070,noahcameron
543056,dannycoulombe
445276,kenleyjansen
595879,javierbaez
669169,jonathanheasley
596146,maxkepler
572138,jonsingleton
678877,jhonkensynoel
676755,isaacmattson
683021,michaelstefanic
656756,jordanmontgomery
671739,michaelharris
645261,sandyalcantara
800049,adammazur
691185,maximoacosta
663698,joeybart
691777,maxmuncy
691723,cobymayo
592192,markcanha
656266,jbbukauskas
694462,hurstonwaldrep
592826,vincevelasquez
665665,reiversanmartin
680689,lyonrichardson
677020,joshwalker
669854,ronelblanco
683737,michaelbusch
691788,joemack
642152,loutrivino
686218,emmetsheehan
641540,danedunning
664023,ianhapp
664991,grantwolfram
592626,jocpederson
660670,ronaldacuna
681517,kyleleahy
665750,leodytaveras
669796,josehernandez
681347,mikeburrows
669276,dylanlee
665877,josefermin
608671,travisjankowski
694335,mattsvanson
680862,williemaciver
608336,joeygallo
700242,treysweeney
678020,sethhalvorsen
676946,matthewbatten
681987,nateeaton
677347,kyrenparis
596103,austinslater
444482,davidperalta
640451,hunterharvey
605244,aramisgarcia
623168,tylerheineman
672710,roansycontreras
666165,blakesabol
669084,dlhall
682997,tylercallihan
657571,calebferguson
643396,isiahkinerfalefa
554430,zackwheeler
669087,samhuff
456781,donovansolano
641856,billymckinney
641582,mattfoster
670062,juliangarcia
674370,osvaldobido
641703,brenthoneywell
595978,austinhedges
669684,chrismurphy
695049,brettkerry
669461,matthewliberatore
518617,jakediekman
656896,emmanuelrivera
669352,bubbathompson
688158,davidmorgan
663697,jonathanindia
677956,recehinds
543037,gerritcole
656537,derekhill
682641,luismatos
699044,miguelullola
623437,justintopa
548389,rossstripling
671382,cameronfoster
595284,andrewknapp
656354,austindavis
691725,andrewpainter
687952,christianencarnacionstrand
548384,brooksraley
672820,lenynsosa
455119,chrismartin
656716,zachmckinstry
605204,jddavis
676812,carsonmccusker
666808,camilodoval
678011,anthonyseigler
668227,randyarozarena
666915,bobbydalbec
701719,tylersamaniego
686790,trevormcdonald
623433,nickanderson
669224,austinwells
647351,abrahamtoro
672851,joanadon
605361,nickmartini
675989,codybolton
621566,mattolson
702795,ryanloutos
689958,andrewwalters
680664,eduardovalencia
800311,didierfuentes
695506,jaccaglianone
668843,connercapel
606192,teoscarhernandez
673962,joshjung
606466,ketelmarte
687377,orlandoribalta
669398,gageworkman
669952,mitchwhite
592773,rynestanek
663905,travisblankenhorn
608379,michaelwacha
700842,eduardorivera
669704,kadestrowd
681882,colinselby
660688,keibertruiz
690986,kyleharrison
622103,gerardoreyes
678009,parkermeadows
694212,samuelbasallo
458677,justinwilson
680742,jonathanbowlan
666211,taylortrammell
669947,jessescholtens
682608,peytongray
664074,codyponce
621244,joseberrios
676044,bobseymour
687515,colbythomas
693459,kylerfedko
663855,jordanhicks
608371,lucassims
674441,jacobhurtubise
677060,chadstevens
680686,josiahgray
678576,wilkinramos
679032,johanrojas
605155,coltenbrewer
664983,jakemccarthy
664059,samhaggerty
670156,milesmastrobuoni
665561,rafaelmarchan
663656,kyletucker
623454,drewanderson
680572,adamkloffenstein
681084,tannerandrews
643289,mauriciodubon
608331,maxfried
682674,victorbericoto
593428,xanderbogaerts
572143,burchsmith
592348,nikogoodrum
671922,cadesmith
668964,tobiasmyers
664129,geoffhartlieb
676962,benbrown
681481,kerrycarpenter
669160,dustinmay
641943,joshuapalacios
641658,garretthampson
476594,robertstock
656186,danaltavilla
664199,taylorclarke
701542,willwarren
677008,hestonkjerstad
678022,jackperkins
663662,dazcameron
690916,richardfitts
683146,brettbaty
681460,brooksbaldwin
695611,gagejump
669165,kylehurt
687957,dustinharris
663609,lukenbaker
807713,mattshaw
660825,eduardbazardo
682653,warmingbernabel
686894,joeywiemer
699625,jimmycrooks
663460,krisbubic
692216,cjkayfus
661527,sethmartinez
695720,tommywhite
694728,bricematthews
664079,tylerjay
663776,patricksandoval
694918,bladetidwell
669257,willsmith
605488,jeffreysprings
605441,yackselrios
672284,jarredkelenic
518489,ryanbrasier
628451,andyibanez
661531,brianserven
615698,calquantrill
682848,endyrodriguez
686780,pedropages
624503,nickgordon
570257,joelyrodriguez
664774,lamontewade
542364,rafaelortega
675627,michaelgrove
657557,pauldejong
687830,sawyergipsonlong
663967,cesarsalazar
665742,juansoto
605137,joshbell
657697,vinnynittoli
608344,coleirvin
621529,joehudson
608070,joseramirez
666171,ryanzeferjahn
672456,keidermontero
624413,petealonso
672841,carlosvargas
656582,connorjoe
605135,chrisbassitt
450203,charliemorton
656248,seanbouchard
666659,saurynlao
642133,rowdytellez
673820,robinsonpina
608650,dietrichenns
621493,taylorward
622663,luisseverino
687273,quinnmathews
676551,brewerhicklen
683409,angelchivilli
641656,ianhamilton
680744,tymadden
669134,luiscampusano
663554,caseymize
572020,jamespaxton
678906,kaiweiteng
542194,christianbethancourt
695239,robbyahlstrom
684320,yarielrodriguez
663796,cocomontes
686560,gavincollyer
547973,aroldischapman
676083,jansonjunk
621114,ryanburr
641672,thomashatch
543339,danielhudson
686611,dylancrews
679529,spencertorkelson
608324,alexbregman
676206,freddytarnok
686228,juanburgos
605156,aaronbrooks
602104,ramonurias
683083,nasimnunez
676714,brandonhughes
668885,austinmartin
694410,lujamesgroover
694477,chadpatrick
695505,chaseburns
666182,bobichette
676092,collinsnider
622253,dillontate
669899,ryanward
595751,jorgealfaro
673995,daviswendzel
673490,haseongkim
678215,luarbertarias
665923,esteuryruiz
697812,joerock
677588,josetena
701649,jamestriantos
660821,jesussanchez
592155,cambooser
623167,chrisflexen
686993,justinsterner
608334,carsonfulmer
674285,eduardosalazar
687478,camdevanney
670059,colinholderman
640455,seanmanaea
663893,brendonlittle
669743,alexcall
665019,kodyclemens
645801,mikeford
689414,liamhicks
606965,chrisdevenski
676742,camsanders
691373,jhostynxongarcia
641779,charlesleblanc
692230,carlosrodriguez
687363,victorscott
670970,adrianmorejon
673929,jordanleasure
571863,mattkoch
683232,nickmears
663531,loganallen
700249,cadepovich
686678,chasesolesky
681895,evansisk
682847,luisortiz
656427,jackflaherty
527038,wilmerflores
691251,andrylara
687637,dylanbeavers
682829,ellydelacruz
502085,davidrobertson
656185,gregallen
828599,lucasspence
514888,josealtuve
642528,jonathanloaisiga
663562,noahdavis
458681,lancelynn
680118,daironblanco
701643,granthartwig
805123,ajblubaugh
542932,jonberti
622065,alexyoung
676428,branthurter
669137,armandoalvarez
663767,chaseshugart
665862,jazzchisholm
663731,connorkaiser
641585,jpfrance
670245,ryanwatson
657424,mattgage
621053,tylerferguson
545361,miketrout
695001,alimbersanta
663968,jakemangum
457705,andrewmccutchen
663546,seanhjelle
605141,mookiebetts
686554,oliverdunn
642197,jamiewestbrook
605121,justinanderson
686799,jackkochanowicz
656458,lucasgilbreath
694175,pedroleon
687003,brianvanbelle
663556,shanemcclanahan
656305,mattchapman
666204,danyjimenez
628317,kentamaeda
669397,nickallen
695238,willwagner
689520,codylaweryson
677649,ezequielduran
641312,shaunanderson
666129,braxtongarrett
605242,michaelfulmer
696149,bubbachandler
676910,mattseelinger
669211,keeganakin
666149,tylerfitzgerald
641584,jakefraley
607043,brandonnimmo
686469,vinniepasquantino
669288,danieljohnson
680684,gunnarhoglund
668678,zacgallen
687597,jordanbeck
702193,andrewmorris
804636,jonahtong
676974,maxmeyer
676604,tylerzuber
606992,erichaase
595777,juricksonprofar
676116,ryannoda
687473,ryangusto
687941,alecgamboa
663903,bradysinger
700327,welintonherrera
642731,thairoestrada
666720,yerryrodriguez
623352,joshhader
681293,spencerarrighetti
593833,wandersuero
661403,emmanuelclase
518876,merrillkelly
685801,hunterbigge
663837,mattvierling
645305,alisanchez
680732,seanburke
543859,michaeltonkin
682622,noelvimarte
683003,jaredjones
684049,brandanbidois
682177,danielschneemann
656555,rhyshoskins
671213,tristoncasas
676661,maxlazar
656541,samhilliard
624431,josetrevino
669065,kylestowers
457759,justinturner
642397,gregorysoto
656605,mitchkeller
621028,kevinnewman
687223,carsonpalmquist
690924,braxtonfulford
682998,corbincarroll
656448,stonegarrett
701656,loganhenderson
595281,kevinkiermaier
671936,adammacko
571466,tuckerbarnhart
680977,brendandonovan
643377,griffinjax
690022,ryanritter
690997,nolanmclean
656629,michaelkopech
690544,baileyhorn
628708,yuniormarte
701398,salstewart
685133,wademeckler
685126,brandoneisert
664747,alexisdiaz
687362,connorgillispie
702752,jonathanpintaro
622259,treywingenter
694673,abimelecortiz